first_name,last_name,email,country,city
Esteban,Delgardo,edelgardo0@businessinsider.com,China,Jiguan
Anabel,Mintoft,amintoft1@github.io,Greece,Drosiá
Colan,Gerkens,cgerkens2@timesonline.co.uk,Morocco,Zaïo
Guinna,Klyn,gklyn3@sbwire.com,Mexico,Lindavista
Issy,Winspare,iwinspare4@shop-pro.jp,Brazil,Coronel Fabriciano
Elora,Atthowe,eatthowe5@edublogs.org,China,Baimi
Humfrey,Craighead,hcraighead6@tuttocitta.it,Honduras,Agua Fría
Andree,Tunnah,atunnah7@joomla.org,South Africa,Bethlehem
Robbi,Heisman,rheisman8@wufoo.com,Democratic Republic of the Congo,Mushie
Carmen,Euesden,ceuesden9@yale.edu,Indonesia,Kalimeneng
Harlin,Bleazard,hbleazarda@wiley.com,China,Huangqiao
Roxine,Drescher,rdrescherb@bbc.co.uk,Nigeria,Omuo-Ekiti
Isabelita,Nabarro,inabarroc@google.es,Indonesia,Adirejo
Kristian,Klouz,kklouzd@constantcontact.com,France,Créteil
Ivie,Richardsson,irichardssone@github.io,China,Hongcao
Jannelle,Dolle,jdollef@creativecommons.org,Poland,Osieczna
Pattie,Cuzen,pcuzeng@apple.com,China,Wangmo
Jerrilyn,Belchambers,jbelchambersh@usa.gov,Indonesia,Tamansari
Marice,MacVanamy,mmacvanamyi@scientificamerican.com,Ukraine,Shypyntsi
Kirsti,Lynnitt,klynnittj@imageshack.us,Brazil,Lago da Pedra
Ferris,Janeczek,fjaneczekk@bigcartel.com,Poland,Połaniec
Tamma,Wretham,twrethaml@ebay.co.uk,Russia,Overyata
Jennifer,Ramirez,jramirezm@google.co.jp,Thailand,Wang Yang
Starr,Lumsdall,slumsdalln@360.cn,United States,Washington
Rodrique,Cashen,rcasheno@de.vu,Indonesia,Kabongan Kidul
Shoshanna,Sainer,ssainerp@digg.com,China,Gaogongdao
Law,Penson,lpensonq@washington.edu,Nigeria,Oke Iho
Muffin,Agnew,magnewr@comcast.net,Indonesia,Kauman
Moina,Ellsbury,mellsburys@google.it,China,Xiaohe
Josepha,Josilowski,jjosilowskit@wired.com,China,Maji
Dani,Stedman,dstedmanu@wisc.edu,China,Huayuan
Reagen,Ridehalgh,rridehalghv@yolasite.com,Ukraine,Brylivka
Ginny,Chetwin,gchetwinw@xrea.com,Peru,Huacaschuque
Karlene,Larret,klarretx@plala.or.jp,Portugal,Canhas
Denna,Deason,ddeasony@upenn.edu,Zambia,Monze
Dyan,Russ,drussz@pagesperso-orange.fr,China,Chenfang
Janifer,Croote,jcroote10@usgs.gov,Indonesia,Banjaranyar
Rollin,O'Doherty,rodoherty11@vk.com,Ukraine,Nevyts’ke
Burnaby,Robley,brobley12@yale.edu,China,Donggu
Forbes,Klempke,fklempke13@bloomberg.com,Indonesia,Kayukembang
Rochelle,Le land,rleland14@squarespace.com,Colombia,Ariguaní
Gwyn,Chadband,gchadband15@nih.gov,Argentina,Embajador Martini
Anallese,Melloy,amelloy16@shop-pro.jp,Thailand,Ranot
Robert,Lloyds,rlloyds17@istockphoto.com,Russia,Seymchan
Reiko,Harridge,rharridge18@multiply.com,China,Xiancun
Jaine,Ricson,jricson19@wordpress.org,China,Tushi
Lolly,Cathro,lcathro1a@youtube.com,France,Digne-les-Bains
Kahlil,Sutty,ksutty1b@nydailynews.com,China,Xinglong
Aidan,Spellward,aspellward1c@storify.com,China,Xinzhou
Reggi,Chalder,rchalder1d@angelfire.com,Ivory Coast,Béoumi
Inessa,Severwright,iseverwright1e@adobe.com,Luxembourg,Bettendorf
Marigold,L'Hommee,mlhommee1f@netscape.com,Poland,Widuchowa
Devinne,Twelftree,dtwelftree1g@elegantthemes.com,Guatemala,San Pedro Sacatepéquez
Cristie,Stansell,cstansell1h@jigsy.com,China,Rongxi
Trumaine,Daborn,tdaborn1i@gnu.org,China,Ji’ergele Teguoleng
Jard,Oliphant,joliphant1j@example.com,China,Ningxin
Katharine,Marjoribanks,kmarjoribanks1k@goo.gl,Indonesia,Boro
Aurore,Skerrett,askerrett1l@ow.ly,Poland,Żelazków
Jourdain,Grishmanov,jgrishmanov1m@deviantart.com,Greece,Kavallári
Murielle,Basso,mbasso1n@spiegel.de,China,Ganjiachang
Ollie,Isenor,oisenor1o@usda.gov,Argentina,Granadero Baigorria
Haleigh,Faulconer,hfaulconer1p@topsy.com,China,Heishui
Helyn,Craig,hcraig1q@senate.gov,Indonesia,Panggungrejo
Sara,Luetchford,sluetchford1r@uol.com.br,China,Leigu
Rolf,Rigbye,rrigbye1s@tumblr.com,Ethiopia,Deder
Valli,Maxworthy,vmaxworthy1t@google.com,China,Shaliu
Roxanna,Stienton,rstienton1u@wordpress.com,China,Huangbao
Carroll,Rowan,crowan1v@wufoo.com,Brazil,Cuiabá
Paolo,Grise,pgrise1w@virginia.edu,Portugal,Ermelo
Court,Palffrey,cpalffrey1x@ihg.com,France,Laxou
Magdalen,Wintle,mwintle1y@sogou.com,Poland,Lanckorona
Dareen,Ram,dram1z@discuz.net,Russia,Moscow
Marinna,Flucker,mflucker20@fotki.com,France,Fleury-les-Aubrais
Wilburt,Cowland,wcowland21@netvibes.com,China,Shijia
Cal,Callinan,ccallinan22@columbia.edu,Gambia,Sabi
Clemmie,Tuppeny,ctuppeny23@deviantart.com,Mozambique,Manjacaze
Petr,Hakewell,phakewell24@unicef.org,Russia,Novorozhdestvenskaya
Morena,Gaiford,mgaiford25@free.fr,Philippines,Mainit
Teddi,Bartleman,tbartleman26@studiopress.com,China,Waitun
Iver,Crookes,icrookes27@jalbum.net,Sweden,Vetlanda
Hollis,Early,hearly28@wikispaces.com,Indonesia,Karanganyar
Lila,Mechan,lmechan29@github.com,China,Liufeng
Nonah,Terron,nterron2a@usa.gov,Argentina,Esquel
Fanchette,Burnapp,fburnapp2b@nhs.uk,China,Pinghu
Silvanus,Poli,spoli2c@wunderground.com,Czech Republic,Zadní Mostek
Starlene,Weller,sweller2d@usnews.com,Kosovo,Obiliq
Sheena,Whiting,swhiting2e@upenn.edu,France,Paris 05
Janella,Banyard,jbanyard2f@ted.com,Russia,Tver
Ragnar,Kerfod,rkerfod2g@miibeian.gov.cn,Thailand,Ban Talat Bueng
Karmen,Profit,kprofit2h@1und1.de,Indonesia,Krajan Atas Suger Lor
Hobey,Reubbens,hreubbens2i@ucoz.com,Greece,Évlalo
Federica,Greensides,fgreensides2j@salon.com,Slovenia,Lendava
Caro,Giacobo,cgiacobo2k@diigo.com,Russia,Snegiri
Bowie,Simioli,bsimioli2l@tamu.edu,Libya,Tripoli
Arman,Guerrieri,aguerrieri2m@so-net.ne.jp,France,Floirac
Rubi,Tales,rtales2n@fc2.com,Philippines,Sangat
Webb,Kaley,wkaley2o@youtube.com,China,Jieshipu
Timmie,Marsters,tmarsters2p@is.gd,Grenada,Saint David’s
Elnore,Ramme,eramme2q@yellowpages.com,Iran,Khorramābād
Grace,O'Day,goday2r@google.co.jp,China,Huayuan
Britney,Lenormand,blenormand2s@usa.gov,Russia,Kostomuksha
Livy,Griffoen,lgriffoen2t@scribd.com,Palestinian Territory,Juḩr ad Dīk
Miranda,Doeg,mdoeg2u@scientificamerican.com,Netherlands,Apeldoorn
Budd,Sreenan,bsreenan2v@desdev.cn,China,Henan’an
Farlee,Gingell,fgingell2w@free.fr,Uzbekistan,Yangirabot
Hi,Colthard,hcolthard2x@sbwire.com,China,Chonglou
Nicol,Standeven,nstandeven2y@statcounter.com,United States,Reno
Coralie,Paraman,cparaman2z@blogtalkradio.com,Croatia,Ugljan
Nils,Odams,nodams30@diigo.com,Indonesia,Potlot
Justen,How to preserve,jhowtopreserve31@ocn.ne.jp,Malaysia,Kuala Lumpur
Evvy,Hemphill,ehemphill32@weibo.com,Democratic Republic of the Congo,Bosobolo
Julieta,Glasscock,jglasscock33@washington.edu,Kenya,Pumwani
Mira,Clingan,mclingan34@yahoo.co.jp,Serbia,Debeljača
Bernice,Brennand,bbrennand35@1und1.de,China,Dupi
Xymenes,Zealander,xzealander36@4shared.com,Mongolia,Uujim
Wynn,Srutton,wsrutton37@omniture.com,Cuba,Minas de Matahambre
Terza,Bamlett,tbamlett38@barnesandnoble.com,Peru,Lobitos
Elicia,Pask,epask39@twitter.com,Nicaragua,Granada
Kirsteni,Grandham,kgrandham3a@virginia.edu,Poland,Radostowice
Wald,Maryman,wmaryman3b@hugedomains.com,Guinea,Lélouma
Karil,Clemensen,kclemensen3c@shop-pro.jp,China,Xinshan
Rozamond,Litherland,rlitherland3d@shop-pro.jp,Philippines,Gabao
Sheree,Gerckens,sgerckens3e@alexa.com,China,Tangwang
Zelda,Jeanon,zjeanon3f@loc.gov,Indonesia,Sumber
Cesare,Sodor,csodor3g@yale.edu,Venezuela,Obispos
Birch,Achrameev,bachrameev3h@loc.gov,China,Baicun
Nelly,MacCartan,nmaccartan3i@foxnews.com,Indonesia,Kuwumkumambal
Dunc,Gagin,dgagin3j@godaddy.com,Ukraine,Broska
Ignacio,Edlyn,iedlyn3k@prnewswire.com,China,Baiju
Tarah,Loughman,tloughman3l@msu.edu,Brazil,Lagoa do Itaenga
Nola,Dunmore,ndunmore3m@ameblo.jp,Pakistan,Nārang
Heather,Nairy,hnairy3n@barnesandnoble.com,Sweden,Gävle
Seward,Baumaier,sbaumaier3o@google.com,Saudi Arabia,Az Zulfi
Florella,Crutchley,fcrutchley3p@homestead.com,Ireland,Ashbourne
Dorthy,Tue,dtue3q@utexas.edu,Netherlands,Nieuwegein
Nisse,Mellanby,nmellanby3r@a8.net,Indonesia,Hamonggolele
Hettie,Chevolleau,hchevolleau3s@kickstarter.com,China,Ailibugai
Lemmie,Hurdman,lhurdman3t@skype.com,China,Liancheng
Conrado,Oglevie,coglevie3u@blog.com,Malaysia,Kuantan
Cairistiona,Harrow,charrow3v@paginegialle.it,France,Paris 06
Adelina,Cracoe,acracoe3w@who.int,Panama,Sioguí Abajo
Riordan,McKinlay,rmckinlay3x@ft.com,Kiribati,Tabwakea Village
Fredra,Pattisson,fpattisson3y@answers.com,China,Xiaping
Dietrich,Gylle,dgylle3z@ow.ly,Indonesia,Oebaki
Stephannie,Samwaye,ssamwaye40@usnews.com,China,Dongxin
Sherri,Houlson,shoulson41@patch.com,China,Tangtu
Annalise,Rickman,arickman42@vistaprint.com,China,Huotian
Sigfrid,Simenel,ssimenel43@joomla.org,United States,Buffalo
Georas,Collomosse,gcollomosse44@skype.com,Vietnam,Chợ Lầu
Lilian,Housego,lhousego45@t.co,Japan,Ōyama
Gypsy,Bellany,gbellany46@sbwire.com,Colombia,Valledupar
Emmett,McNamara,emcnamara47@bbc.co.uk,Brazil,Marau
Amery,Garrit,agarrit48@omniture.com,Czech Republic,Perštejn
Marji,Kyte,mkyte49@gnu.org,China,Tianjiazhuang
Tildie,Rowson,trowson4a@163.com,Indonesia,Panawuan
Aurel,Barlee,abarlee4b@pinterest.com,Brazil,Arapiraca
Lenore,Warrack,lwarrack4c@census.gov,Cyprus,Acherítou
Trevor,Filinkov,tfilinkov4d@squarespace.com,Indonesia,Cisaro
Raoul,Watting,rwatting4e@timesonline.co.uk,Indonesia,Menara
Sondra,Ruggles,sruggles4f@yelp.com,China,Xinsheng
Yulma,Riden,yriden4g@google.co.jp,Mexico,San Jose
Angele,Sagg,asagg4h@cam.ac.uk,Russia,Fryazino
Beatrice,Westwick,bwestwick4i@addthis.com,Russia,Visim
Amory,Dominec,adominec4j@wufoo.com,China,Yajiang
Erich,Caudell,ecaudell4k@ted.com,Russia,Severomorsk
Tiffie,Cromie,tcromie4l@ow.ly,Argentina,Joaquín V. González
Carolee,McMurray,cmcmurray4m@newyorker.com,China,Pukou
Pavla,Whimp,pwhimp4n@flickr.com,Indonesia,Srunikrajan
Shelley,Brazur,sbrazur4o@yolasite.com,Paraguay,Belén
Sylvia,Elliff,selliff4p@guardian.co.uk,Brazil,Formosa do Rio Preto
Elle,Audus,eaudus4q@whitehouse.gov,China,Liangwa
Kathrine,Cotter,kcotter4r@ebay.com,Poland,Raciążek
Malynda,Spores,mspores4s@prweb.com,Indonesia,Nempel
Donnie,Tothacot,dtothacot4t@desdev.cn,Mexico,Lazaro Cardenas
Lucinda,Rait,lrait4u@privacy.gov.au,Indonesia,Cemplang
Seamus,Baal,sbaal4v@so-net.ne.jp,China,Longde Chengguanzhen
Terra,Lyttle,tlyttle4w@devhub.com,China,Liufu
Saunder,Laverenz,slaverenz4x@purevolume.com,France,Épinal
Skipton,Kinnerk,skinnerk4y@adobe.com,Indonesia,Sembungan Kidul
Robina,Hadgkiss,rhadgkiss4z@ocn.ne.jp,Portugal,Columbeira
Heath,McBayne,hmcbayne50@miibeian.gov.cn,Indonesia,Karangkancana
Warren,Dockrill,wdockrill51@zimbio.com,Argentina,General Manuel J. Campos
Modestia,Thurner,mthurner52@newyorker.com,Brazil,Niquelândia
Antone,Sopp,asopp53@sohu.com,Indonesia,Limboto
Meggie,Scarrott,mscarrott54@state.gov,France,Bonneuil-sur-Marne
Krisha,Rogger,krogger55@vimeo.com,Sweden,Stockholm
Oneida,Dealey,odealey56@yelp.com,Brazil,Dom Pedro
Enos,Bellinger,ebellinger57@goo.ne.jp,Greece,Flórina
Reynolds,Bilsland,rbilsland58@howstuffworks.com,China,Xingren
Sonnie,Razoux,srazoux59@walmart.com,China,Xiaozhi
Darleen,Joy,djoy5a@java.com,United States,Dallas
Maible,Kobus,mkobus5b@usnews.com,Honduras,Valle de Ángeles
Correy,Checketts,cchecketts5c@cmu.edu,Philippines,San Nicolas
Alfredo,Thirlwall,athirlwall5d@example.com,Yemen,Aţ Ţawīlah
Janos,Keemer,jkeemer5e@altervista.org,Philippines,San Casimiro
Godard,Duddin,gduddin5f@hexun.com,Tanzania,Bagamoyo
Genny,Zannuto,gzannuto5g@cmu.edu,China,Huaqiao
Didi,Maharey,dmaharey5h@mediafire.com,Poland,Żychlin
Ferris,McCafferky,fmccafferky5i@ebay.com,Argentina,Río Grande
Malory,Brecken,mbrecken5j@freewebs.com,Malta,Saint Lucia
Byron,Lynnitt,blynnitt5k@bluehost.com,Bosnia and Herzegovina,Popovi
Sayre,D'Angeli,sdangeli5l@mac.com,China,Puzi
Cecelia,Boath,cboath5m@ameblo.jp,Uzbekistan,Kosonsoy
Birgit,Minigo,bminigo5n@un.org,Philippines,Naval
Shem,Rulten,srulten5o@skype.com,China,Qianjia
Clair,Spottiswood,cspottiswood5p@nature.com,El Salvador,El Rosario
Kamila,Pinel,kpinel5q@typepad.com,Colombia,Alcalá
Monika,Fulks,mfulks5r@usnews.com,Mexico,Emiliano Zapata
Masha,De Dantesie,mdedantesie5s@yale.edu,Armenia,Zhdanov
Claire,Christmas,cchristmas5t@diigo.com,Belarus,Ramanavichy
Sibyl,Leheude,sleheude5u@biglobe.ne.jp,Russia,Golovchino
Vince,Murrie,vmurrie5v@washington.edu,Brazil,Jandaia do Sul
Antone,Roffe,aroffe5w@mit.edu,Colombia,Ramiriquí
Nicoli,Georgeon,ngeorgeon5x@wikia.com,Japan,Tsu-shi
Loni,Godsmark,lgodsmark5y@1und1.de,China,Lijiang
Baxter,Tomlins,btomlins5z@fastcompany.com,Portugal,Francos
Eden,Highman,ehighman60@who.int,Russia,Seshcha
Perrine,Kemmet,pkemmet61@spotify.com,Indonesia,Trucuk
Innis,Illyes,iillyes62@alexa.com,Saudi Arabia,Ad Dawādimī
Olly,Pina,opina63@goo.ne.jp,Sweden,Nybro
Dacie,Andrei,dandrei64@godaddy.com,China,Laoxialu
Chevalier,Rispen,crispen65@bbb.org,Vietnam,Cầu Giát
Carly,Gilardi,cgilardi66@last.fm,Russia,Peterhof
Elie,Koppens,ekoppens67@uol.com.br,China,Gonghe
Selene,Blamire,sblamire68@indiegogo.com,Indonesia,Tongbang
Fawne,Larby,flarby69@privacy.gov.au,Indonesia,Watuagung
Krishnah,Mawditt,kmawditt6a@geocities.jp,China,Youxi Chengguanzhen
Adele,Nijssen,anijssen6b@smh.com.au,Portugal,Cortinhas
Gui,Benzie,gbenzie6c@samsung.com,Estonia,Tallinn
Jacqui,Paffitt,jpaffitt6d@mozilla.org,China,Jinhaihu
Laurens,Loft,lloft6e@canalblog.com,Thailand,Nong Don
Neila,Ivimy,nivimy6f@hatena.ne.jp,China,Longkou
Tobiah,Pursey,tpursey6g@oaic.gov.au,China,Mangxing
Nickolas,Tarplee,ntarplee6h@ezinearticles.com,Cape Verde,Praia
Sib,Smallpeace,ssmallpeace6i@usda.gov,Brazil,Itápolis
Frazier,Pervoe,fpervoe6j@friendfeed.com,Indonesia,Lokatadho
Nataline,Prowse,nprowse6k@yellowbook.com,China,Guanting
Chelsea,Petraitis,cpetraitis6l@google.com.au,Brazil,Jaru
Cristina,Patrie,cpatrie6m@dmoz.org,China,Maogang
Leland,Hastler,lhastler6n@hud.gov,Indonesia,Brangsi
Hunter,Firmager,hfirmager6o@europa.eu,Peru,Yungay
Annabelle,Giddings,agiddings6p@biblegateway.com,Myanmar,Kayan
Marlin,Albers,malbers6q@prweb.com,Sweden,Degeberga
Ario,Topper,atopper6r@apple.com,Portugal,Aldeia da Mata
Reg,Hansman,rhansman6s@g.co,China,Tiancheng
Maia,De la Yglesia,mdelayglesia6t@blogtalkradio.com,China,Dong’ao
Filbert,Slite,fslite6u@soundcloud.com,Belarus,Svislach
Anstice,Toop,atoop6v@ucoz.ru,New Zealand,Rakaia
Jeremy,Benini,jbenini6w@ovh.net,China,Mashan
Joelle,Potapczuk,jpotapczuk6x@answers.com,France,Saint-Lô
Jimmy,Whieldon,jwhieldon6y@delicious.com,China,Chang’an
Bear,Dagleas,bdagleas6z@pcworld.com,New Caledonia,Yaté-Barrage
Way,Hurt,whurt70@oracle.com,Czech Republic,Tvarožná
Clo,Rand,crand71@altervista.org,Iran,Bandar-e Māhshahr
Ana,Duester,aduester72@foxnews.com,Vietnam,Giemdiem
Ninnetta,Bernardot,nbernardot73@google.co.uk,Serbia,Klenak
Imojean,Sketh,isketh74@aboutads.info,Indonesia,Babah Rot
Wrennie,Mandre,wmandre75@skyrock.com,Poland,Markowa
Lydie,Gowrie,lgowrie76@symantec.com,Russia,Chiri-Yurt
Alanah,Kerrane,akerrane77@feedburner.com,Australia,Sydney
Carla,Pentland,cpentland78@mapquest.com,France,La Roche-sur-Yon
Perle,Boniface,pboniface79@nhs.uk,China,Xianghuaqiao
Nerty,Ingliss,ningliss7a@blogs.com,France,Altkirch
Martynne,Edess,medess7b@marriott.com,Philippines,Malinao
Ward,Acklands,wacklands7c@phoca.cz,China,Hongkou
Maxy,Giannazzo,mgiannazzo7d@nasa.gov,Mongolia,Murun-kuren
Cherie,Scandred,cscandred7e@storify.com,Indonesia,Pasirnangka
Felike,Braven,fbraven7f@photobucket.com,United States,Rochester
Edmund,Charrier,echarrier7g@yelp.com,Philippines,McKinley
Dayna,Getley,dgetley7h@51.la,China,Xinzhai
Tedman,O'Mailey,tomailey7i@instagram.com,Sweden,Jönköping
Granthem,Hoble,ghoble7j@nationalgeographic.com,Morocco,Tata
Agustin,Olivet,aolivet7k@abc.net.au,Brazil,Biguaçu
Carmina,Casol,ccasol7l@webnode.com,Portugal,Alcaria da Serra
Darda,Alleburton,dalleburton7m@spotify.com,Germany,Chemnitz
Willdon,Clift,wclift7n@ameblo.jp,Sweden,Enköping
Linn,Sleightholme,lsleightholme7o@noaa.gov,Czech Republic,Frýdek-Místek
Kirk,Sahlstrom,ksahlstrom7p@jimdo.com,Vietnam,Chư Prông
Hanson,Areles,hareles7q@oracle.com,Philippines,Tiling
Chlo,Goatman,cgoatman7r@liveinternet.ru,Croatia,Lučko
Reinwald,Broadwood,rbroadwood7s@ft.com,Indonesia,Krajan Kerjo
Pris,Chowne,pchowne7t@slideshare.net,Russia,Vakhtan
Maddi,Heyfield,mheyfield7u@mozilla.com,Russia,Gamovo
Ursa,Wilmott,uwilmott7v@home.pl,China,Liucun
Dulcy,Spier,dspier7w@lycos.com,Russia,Orsha
Dickie,Erb,derb7x@wiley.com,China,Yongxing
Peggy,MacKeever,pmackeever7y@networkadvertising.org,China,Songjiang
Amandy,Jakubovsky,ajakubovsky7z@sciencedaily.com,Nicaragua,San Sebastián de Yalí
Sheela,Boyn,sboyn80@t.co,Poland,Chełmiec
Nils,Purton,npurton81@usnews.com,Thailand,Kap Choeng
Jemima,Gonnet,jgonnet82@unesco.org,Portugal,Cardal
Mora,Phidgin,mphidgin83@icq.com,Austria,Graz
Vikki,Bjorkan,vbjorkan84@fema.gov,Indonesia,Suruhwadang
Allix,Plimmer,aplimmer85@sphinn.com,Bulgaria,Opaka
Swen,Bernardt,sbernardt86@geocities.jp,China,Liujia
Germain,Yezafovich,gyezafovich87@tmall.com,France,Paris 05
Jazmin,Syme,jsyme88@utexas.edu,China,Laohugang
Nannette,Ferry,nferry89@topsy.com,China,Jincang
Rowney,Hovee,rhovee8a@uol.com.br,Latvia,Kandava
Nora,Hallworth,nhallworth8b@instagram.com,Honduras,Zamora
Dennis,Cooper,dcooper8c@sourceforge.net,Indonesia,Cimuncang
Nelson,Doumic,ndoumic8d@hud.gov,Costa Rica,San José
Maria,Maltby,mmaltby8e@pbs.org,Ukraine,Trostyanets’
Donal,Bodham,dbodham8f@wufoo.com,Myanmar,Hinthada
Emmanuel,Straniero,estraniero8g@4shared.com,Indonesia,Trogan Barat
Veronique,MacInerney,vmacinerney8h@yandex.ru,China,Awat
Doloritas,Camfield,dcamfield8i@blogspot.com,Russia,Presnenskiy
Flori,Spratling,fspratling8j@marriott.com,Brazil,Dois Vizinhos
Charmaine,Cowey,ccowey8k@qq.com,Ecuador,Calceta
Benton,Shilstone,bshilstone8l@wunderground.com,China,Hailang
Matthus,Churms,mchurms8m@livejournal.com,China,Hong’an
Mar,Lumly,mlumly8n@cpanel.net,Portugal,Vila Franca das Naves
Chad,Petrina,cpetrina8o@narod.ru,Poland,Opinogóra Górna
Mozelle,Pressey,mpressey8p@zimbio.com,Bangladesh,Jhingergācha
Alanson,Kullmann,akullmann8q@reddit.com,South Africa,White River
Weidar,Queree,wqueree8r@google.de,Portugal,Castanheiro do Sul
Tobi,Catterill,tcatterill8s@smugmug.com,Croatia,Zagreb
Shara,Hancock,shancock8t@shutterfly.com,Kazakhstan,Ridder
Hedwig,Terne,hterne8u@ftc.gov,Indonesia,Singkup
Mikaela,Scholz,mscholz8v@nba.com,Russia,Ushumun
Georg,Govett,ggovett8w@theglobeandmail.com,Indonesia,Kendalrejo
Jerrilee,Le Noury,jlenoury8x@alibaba.com,Bulgaria,Levski
Lishe,Hise,lhise8y@cisco.com,Thailand,Ban Haet
Gladys,Decker,gdecker8z@umn.edu,Argentina,Azul
Walton,Copland,wcopland90@feedburner.com,Philippines,Tabunok
Shane,Warnes,swarnes91@xrea.com,China,Shuanglong
Frieda,Capes,fcapes92@microsoft.com,Indonesia,Songkar B
Eloisa,Jakubovski,ejakubovski93@about.me,Latvia,Ragana
Rosaleen,Melior,rmelior94@163.com,China,Xiqi
Brantley,Simion,bsimion95@desdev.cn,Serbia,Barajevo
Amitie,Kem,akem96@theglobeandmail.com,Cuba,Bejucal
Stern,Paddon,spaddon97@cmu.edu,Russia,Ol’ginka
Karlee,Meir,kmeir98@1und1.de,Russia,Navashino
Carmella,Weond,cweond99@shop-pro.jp,Brazil,São Luiz Gonzaga
Shelley,Dunican,sdunican9a@china.com.cn,Peru,Moche
Ashley,Moffett,amoffett9b@buzzfeed.com,Vanuatu,Lakatoro
Ulberto,Groucock,ugroucock9c@google.pl,Norway,Oslo
Hermina,Lakeland,hlakeland9d@ox.ac.uk,Indonesia,Sumberkindagan
Yehudi,Tylor,ytylor9e@delicious.com,Portugal,Fundão
Aura,Vannah,avannah9f@ucoz.ru,South Africa,Kruisfontein
Findlay,Passy,fpassy9g@behance.net,China,Wenquan
Ulises,Ceresa,uceresa9h@dailymail.co.uk,Marshall Islands,Jabat
Jourdain,McLugaish,jmclugaish9i@deliciousdays.com,Japan,Itō
Abbey,Cremer,acremer9j@sitemeter.com,China,Enshi
Orv,Dehm,odehm9k@1und1.de,Russia,Valuyki
Alfreda,Berens,aberens9l@ovh.net,Russia,Grigoropolisskaya
Durante,Harnell,dharnell9m@jugem.jp,Argentina,Avellaneda
North,Streets,nstreets9n@flickr.com,Czech Republic,Dalovice
Ramsay,Verissimo,rverissimo9o@tumblr.com,Israel,Ganné Tiqwa
Cazzie,Pittel,cpittel9p@ask.com,Philippines,Busuanga
Pernell,Melonby,pmelonby9q@hud.gov,Poland,Lidzbark
Cullin,Kristufek,ckristufek9r@techcrunch.com,China,Lile
Eba,Linzey,elinzey9s@hp.com,Portugal,Marisol
Artur,Dashper,adashper9t@last.fm,Philippines,Rominimbang
Ame,Postill,apostill9u@alibaba.com,China,Tungdor
Lyndel,Perryn,lperryn9v@clickbank.net,China,Xiaogang
Jimmie,Satterfitt,jsatterfitt9w@samsung.com,Indonesia,Karangagung Timur
Elmore,Robertelli,erobertelli9x@gizmodo.com,Cameroon,Eséka
Eduard,Rangall,erangall9y@nydailynews.com,Yemen,Al Jabīn
Sargent,Mackison,smackison9z@netlog.com,Thailand,Pak Phanang
Dru,McAdam,dmcadama0@hatena.ne.jp,Greece,Lófos
Alanson,Da Costa,adacostaa1@friendfeed.com,Pakistan,Faisalābād
Woodie,Rounce,wrouncea2@com.com,Ukraine,Sheshory
Jacki,Bavester,jbavestera3@vinaora.com,Indonesia,Guradog
Esma,Hinkes,ehinkesa4@virginia.edu,Albania,Patos Fshat
Kimmy,Hanbury,khanburya5@ca.gov,Indonesia,Banjar Danginsema
Noby,Cabrales,ncabralesa6@google.co.jp,Russia,Sargatskoye
Ed,Handscomb,ehandscomba7@purevolume.com,Indonesia,Talibura
Lay,Fredi,lfredia8@free.fr,China,Dushu
Maryellen,Biggadyke,mbiggadykea9@360.cn,Brazil,São João del Rei
Orv,Pietesch,opieteschaa@buzzfeed.com,Ukraine,Zvenyhorodka
Any,Bessent,abessentab@friendfeed.com,China,Gaolong
Sondra,Sabey,ssabeyac@answers.com,Thailand,Bo Phloi
Daffy,Gambrell,dgambrellad@tripod.com,Brazil,Mendes
Carina,Bignell,cbignellae@facebook.com,Indonesia,Fukadale
Wilone,Benbough,wbenboughaf@about.me,China,Fengjia
Rosalinde,Shirrell,rshirrellag@microsoft.com,Indonesia,Teongtoda
Lida,Vellden,lvelldenah@seesaa.net,Russia,Iogach
Fernando,Viegas,fviegasai@ning.com,Bolivia,Villazón
Tersina,Conduit,tconduitaj@nhs.uk,China,Wuxue Shi
Ashien,Cackett,acackettak@biglobe.ne.jp,China,Qizili
Cathryn,Bumphries,cbumphriesal@google.com.hk,Russia,Il’ichëvo
Chantal,Marley,cmarleyam@archive.org,Ireland,Moate
Cheryl,Lidgertwood,clidgertwoodan@naver.com,Portugal,Monte de Fralães
Krystal,Tumayan,ktumayanao@alibaba.com,China,Yangping
Clevey,Rayhill,crayhillap@go.com,Mexico,Santa Fe
Rebbecca,Cuddihy,rcuddihyaq@geocities.jp,France,Béziers
Vaughan,Andresser,vandresserar@fema.gov,Morocco,Mellila
Britt,Chellam,bchellamas@wsj.com,Spain,Santander
Beatriz,Ellacott,bellacottat@tripod.com,China,Nanxinxiang
Leonora,Castelow,lcastelowau@pagesperso-orange.fr,Poland,Sztum
Arty,Foakes,afoakesav@qq.com,China,Mingshuihe
Tabb,Jupp,tjuppaw@com.com,Portugal,Alpiarça
Ephrayim,Giggs,egiggsax@sciencedirect.com,Philippines,Santol
Whittaker,Domone,wdomoneay@mayoclinic.com,China,Chengdong
Mariam,Brockley,mbrockleyaz@mysql.com,Portugal,Alenquer
Skipton,Southey,ssoutheyb0@gov.uk,Venezuela,Porlamar
Emalee,Giannassi,egiannassib1@webs.com,Dominican Republic,Punta Cana
Carolus,Freeland,cfreelandb2@gizmodo.com,Palestinian Territory,Zaytā Jammā‘īn
Katherine,Danels,kdanelsb3@multiply.com,China,Shangyu
Sherlocke,Liggens,sliggensb4@macromedia.com,Mexico,San Antonio
Delmore,Gaunt,dgauntb5@phpbb.com,Canada,Flin Flon
Babb,Bonnar,bbonnarb6@deviantart.com,China,Wuyao
Samuel,Celler,scellerb7@eepurl.com,Russia,Petrokamenskoye
Curran,Sumsion,csumsionb8@webs.com,Panama,El Cortezo
Randy,Cavilla,rcavillab9@globo.com,Poland,Żarki-Letnisko
Wat,Welbrock,wwelbrockba@woothemes.com,China,Beizhuang
Genevra,Moan,gmoanbb@surveymonkey.com,Comoros,Vanadjou
Krista,Pinney,kpinneybc@irs.gov,Albania,Moglicë
Crista,Bertelmot,cbertelmotbd@mtv.com,United States,Tacoma
Nancie,Primmer,nprimmerbe@latimes.com,Mexico,Miguel Aleman
Lilllie,Brunsden,lbrunsdenbf@weebly.com,Russia,Vydreno
Nessy,Annandale,nannandalebg@google.cn,China,Sanxiang
Bastian,Kenealy,bkenealybh@bizjournals.com,Indonesia,Banggel
Lu,Brooke,lbrookebi@ow.ly,Indonesia,Ongabelen
Clarine,O Mullen,comullenbj@bbb.org,Brazil,Dom Pedro
Betteanne,Crampsey,bcrampseybk@google.com.au,Russia,Kamenka
Pincas,Baily,pbailybl@springer.com,Indonesia,Kusi
Emmey,Attenbrow,eattenbrowbm@list-manage.com,Portugal,Palmeiros
Ciel,Trail,ctrailbn@ebay.com,Micronesia,Unanu
Gran,Petschelt,gpetscheltbo@europa.eu,Syria,Kafr Baţnā
Magda,Carlill,mcarlillbp@cpanel.net,Philippines,Bolanon
Jessa,Balderstone,jbalderstonebq@hatena.ne.jp,Indonesia,Uluale
Daren,Garratt,dgarrattbr@yandex.ru,Ecuador,Vinces
Bess,Barkes,bbarkesbs@google.com.au,Indonesia,Sungaikakap
Marlena,Treleaven,mtreleavenbt@fema.gov,China,Yangxi
Violetta,Heckle,vhecklebu@sciencedirect.com,Bermuda,Hamilton
Petey,Ghirardi,pghirardibv@un.org,Russia,Peskovka
Eb,Newbegin,enewbeginbw@washingtonpost.com,Portugal,Arcos de Valdevez
Julina,Dawtry,jdawtrybx@opensource.org,United States,Gary
Moyra,Rance,mranceby@joomla.org,China,Huangji
Alene,Morforth,amorforthbz@pbs.org,China,Gaojia
Ricard,Cherrett,rcherrettc0@joomla.org,East Timor,Maubara
Michael,Elis,melisc1@cdbaby.com,Ukraine,Piskivka
Kaspar,Vanni,kvannic2@cnn.com,China,Shangping
Calida,Gawthorpe,cgawthorpec3@japanpost.jp,France,La Valette-du-Var
Carree,Botterell,cbotterellc4@xing.com,Thailand,Khao Wong
Gloriane,Ensor,gensorc5@newsvine.com,Indonesia,Lengkongbarang
Donall,Davidovitch,ddavidovitchc6@dmoz.org,China,Laifang
Kerk,Doxsey,kdoxseyc7@hp.com,United States,Joliet
Enrico,Santo,esantoc8@washingtonpost.com,Morocco,Taouima
Wendell,Portriss,wportrissc9@oaic.gov.au,Sweden,Borås
Anthe,Pydcock,apydcockca@dion.ne.jp,Russia,Gimry
Alyse,Dowle,adowlecb@kickstarter.com,China,Lukou
Antonia,Hawtin,ahawtincc@comsenz.com,China,Xinghe Chengguanzhen
Ogdon,Gourdon,ogourdoncd@nationalgeographic.com,Russia,Sudogda
Beatrice,Denington,bdeningtonce@canalblog.com,China,Tianqian
Rikki,Gilbride,rgilbridecf@uol.com.br,Bangladesh,Farīdpur
Fanchette,Stiggles,fstigglescg@opensource.org,Japan,Yashio-shi
Raphael,Danford,rdanfordch@constantcontact.com,Poland,Lutoryż
Leslie,Kernell,lkernellci@cnbc.com,Indonesia,Darma
Jorry,Thiolier,jthioliercj@engadget.com,France,Créteil
Klaus,Dagless,kdaglessck@pcworld.com,Nepal,Tulsīpur
Rickie,Jendrusch,rjendruschcl@hp.com,Japan,Asahi
Jourdain,Boik,jboikcm@ning.com,Indonesia,Magok
Saba,O'Heyne,soheynecn@ovh.net,Indonesia,Tanahwulan
Twila,Blundin,tblundinco@si.edu,United States,Hartford
Bud,Nelius,bneliuscp@t.co,Reunion,Le Tampon
Kiley,Charette,kcharettecq@who.int,Syria,Qarqania
Crissie,Gilders,cgilderscr@sphinn.com,United States,Lincoln
Thor,Isard,tisardcs@irs.gov,Brazil,Propriá
Eal,McFadyen,emcfadyenct@salon.com,Denmark,København
Niels,Lehr,nlehrcu@howstuffworks.com,Iraq,Ad Dujayl
Wadsworth,Geist,wgeistcv@google.com.br,Estonia,Tabivere
Ethan,Wildor,ewildorcw@who.int,Russia,Bureya
Mil,Lebel,mlebelcx@webeden.co.uk,Japan,Kazo
Moina,Klassman,mklassmancy@bing.com,Philippines,Biga
Wernher,Crayden,wcraydencz@sohu.com,Palestinian Territory,Qalqīlyah
Mar,Sute,msuted0@si.edu,Venezuela,Camatagua
Delmor,Whewill,dwhewilld1@dmoz.org,Ukraine,Biryukove
Corrina,Adamovsky,cadamovskyd2@goodreads.com,Indonesia,Kubang
Matthiew,Gaylard,mgaylardd3@bbc.co.uk,China,Shanshu
Luca,Josuweit,ljosuweitd4@home.pl,China,Ganjiachang
Olvan,Scrange,oscranged5@ibm.com,Indonesia,Kajanan
Ryun,Ewins,rewinsd6@wikispaces.com,China,Hesheng
Carlie,Feldstern,cfeldsternd7@paypal.com,Nigeria,Funtua
Nanny,O'Looney,nolooneyd8@twitter.com,Indonesia,Cayur
Clotilda,Potapczuk,cpotapczukd9@mashable.com,United States,Fort Myers
Kristel,Yarnold,kyarnoldda@1688.com,Costa Rica,San Diego
Jerrie,Wheble,jwhebledb@weibo.com,Japan,Kuroishi
Mary,Slaymaker,mslaymakerdc@census.gov,Kyrgyzstan,At-Bashi
Cathryn,Gascard,cgascarddd@mtv.com,Brazil,João Pessoa
Cindi,Couvert,ccouvertde@weibo.com,China,Caicun
Cornell,Luetkemeyer,cluetkemeyerdf@howstuffworks.com,China,Yangchun
Ingamar,Tran,itrandg@gmpg.org,Czech Republic,Dobratice
Wain,Jenne,wjennedh@usnews.com,France,La Gacilly
Darla,Emilien,demiliendi@dropbox.com,Philippines,Rizal
Thatch,Balkwill,tbalkwilldj@comsenz.com,Poland,Otwock
Debera,Human,dhumandk@nytimes.com,Philippines,Santa Paz
Candy,Marchington,cmarchingtondl@icio.us,China,Xuelu
Cori,Rate,cratedm@sciencedirect.com,Chile,Corral
Salim,Rzehorz,srzehorzdn@mysql.com,Peru,Chinchaypujio
Danila,Yeld,dyelddo@arstechnica.com,Kenya,Maralal
Alina,Gligorijevic,agligorijevicdp@omniture.com,Russia,Pokrovskoye
Murdock,St Louis,mstlouisdq@cornell.edu,Philippines,Malawag
Cordey,Garmey,cgarmeydr@hibu.com,Sweden,Strängnäs
Emelina,Adamoli,eadamolids@un.org,China,Liuhao
Marsiella,Yokley,myokleydt@ocn.ne.jp,Lithuania,Daugai
Griffy,Willoughley,gwilloughleydu@tmall.com,Brazil,Tanabi
Luigi,Hardwidge,lhardwidgedv@privacy.gov.au,Mexico,5 de Mayo
Ronnica,Gryglewski,rgryglewskidw@photobucket.com,China,Xinhang
Danita,Martineau,dmartineaudx@ehow.com,Norway,Tønsberg
Janenna,Reinhart,jreinhartdy@paypal.com,China,Jiangyan
Bennett,Heatlie,bheatliedz@nih.gov,China,Xiaotao
Elfie,Robbel,erobbele0@sohu.com,China,Luoping
Cort,Kennaird,ckennairde1@acquirethisname.com,China,Biancheng
Diannne,Drohane,ddrohanee2@google.com,Canada,Gravelbourg
Brenn,Huckell,bhuckelle3@techcrunch.com,Portugal,Vilarinho da Castanheira
Brigida,Stillwell,bstillwelle4@jigsy.com,Palestinian Territory,Salfīt
Nancy,Braidman,nbraidmane5@mozilla.com,Bosnia and Herzegovina,Balatun
Sheree,Uvedale,suvedalee6@devhub.com,Indonesia,Karangagung Timur
Alfie,Bullion,abullione7@quantcast.com,Russia,Tisul’
Christie,Emanuele,cemanuelee8@unesco.org,Argentina,Coronel Suárez
Farley,Sandlin,fsandline9@ustream.tv,Netherlands,Leeuwarden
Leighton,Vango,lvangoea@chronoengine.com,China,Huitong
Terese,Caillou,tcailloueb@google.fr,France,Versailles
Tiertza,Cullnean,tcullneanec@unesco.org,Canada,Medicine Hat
Foster,Morratt,fmorratted@soundcloud.com,Mongolia,Duut
Andria,de Courcey,adecourceyee@fotki.com,Portugal,Alvito de São Pedro
Kari,Geeves,kgeevesef@xrea.com,Thailand,Sakon Nakhon
Meghan,Clappison,mclappisoneg@360.cn,Czech Republic,Darkovice
Olly,Chilley,ochilleyeh@ebay.co.uk,Brazil,Wenceslau Braz
Desiri,Giocannoni,dgiocannoniei@mediafire.com,France,Champigny-sur-Marne
Gwyneth,McCaughan,gmccaughanej@pinterest.com,Niger,Zinder
Malory,Kellaway,mkellawayek@istockphoto.com,Iran,Bābolsar
Billy,Shayler,bshaylerel@examiner.com,Russia,Vacha
Diena,Orrell,dorrellem@meetup.com,China,Yinjiang
Lacie,Litchmore,llitchmoreen@photobucket.com,Russia,Vichuga
Tremayne,Emmines,temmineseo@illinois.edu,Indonesia,Ekasapta
Flore,Domenc,fdomencep@alibaba.com,Croatia,Brinje
Dorree,Grinaway,dgrinawayeq@archive.org,Malta,Ħamrun
Hannie,Wormleighton,hwormleightoner@state.gov,Peru,Sicaya
Lyle,Ames,lameses@irs.gov,China,Shihuiyao
Linda,Hovie,lhovieet@is.gd,France,Levallois-Perret
Carlo,Brinsford,cbrinsfordeu@drupal.org,Argentina,San Nicolás de los Arroyos
Valery,McGilroy,vmcgilroyev@is.gd,Sweden,Västerås
Keri,Jerke,kjerkeew@oakley.com,Indonesia,Kalimati
Matthias,Kuzma,mkuzmaex@wikia.com,Peru,Choropampa
Barn,Ecclestone,becclestoneey@gmpg.org,France,Tours
Gael,Bachanski,gbachanskiez@storify.com,Mexico,La Aurora
Dedra,Naire,dnairef0@geocities.jp,Malaysia,Kuala Terengganu
Rhys,Galland,rgallandf1@nymag.com,Czech Republic,Štoky
Morlee,Verlinden,mverlindenf2@hugedomains.com,France,Noyal-sur-Vilaine
Callida,Colmore,ccolmoref3@prnewswire.com,Paraguay,Naranjal
Tootsie,Aulds,tauldsf4@gizmodo.com,Indonesia,Krajan Joho
Cordey,Hurton,churtonf5@last.fm,Uruguay,Cerro Colorado
Elayne,Kimmins,ekimminsf6@mit.edu,Indonesia,Era
Arturo,Kundert,akundertf7@acquirethisname.com,Peru,Pampas
Martie,Musicka,mmusickaf8@about.me,China,Renhe
Iain,Pietrusiak,ipietrusiakf9@gnu.org,Poland,Bełsznica
Garreth,McMenamy,gmcmenamyfa@barnesandnoble.com,Indonesia,Ngurenrejo
Ced,Antonescu,cantonescufb@odnoklassniki.ru,Indonesia,Wajak
Verene,Tickle,vticklefc@trellian.com,China,Ganting
Burton,Dunkerton,bdunkertonfd@simplemachines.org,France,Thiers
Berget,Tynnan,btynnanfe@epa.gov,Zambia,Nyimba
Lindsay,Bensen,lbensenff@opera.com,Japan,Saiki
Livvyy,Creagh,lcreaghfg@nba.com,France,Villeneuve-sur-Lot
Hazel,Andriveau,handriveaufh@free.fr,China,Xianyang
Reeta,Doy,rdoyfi@canalblog.com,Peru,Yanacancha
Roselia,Reeders,rreedersfj@networksolutions.com,China,Dizhai
Nedi,Berfoot,nberfootfk@studiopress.com,Indonesia,Utarapasar
Anne-marie,Ivakin,aivakinfl@1688.com,Thailand,Thung Yang Daeng
Glendon,Onele,gonelefm@booking.com,Indonesia,Pulosari
Hilliard,Reoch,hreochfn@jigsy.com,Greece,Profítis Ilías
Jeremias,Syphus,jsyphusfo@dyndns.org,Thailand,Lat Yao
Charlton,Twigg,ctwiggfp@homestead.com,China,Taozhuang
Tove,Philip,tphilipfq@theglobeandmail.com,Poland,Cekcyn
Porty,Wabey,pwabeyfr@pcworld.com,Portugal,Altares
Angelo,Steade,asteadefs@sohu.com,Croatia,Sukošan
Hubie,Harbidge,hharbidgeft@theatlantic.com,China,Lingdong
Delcina,Apedaile,dapedailefu@reuters.com,Yemen,Dhī as Sufāl
Debra,McGuggy,dmcguggyfv@usnews.com,Brazil,Bragança Paulista
Butch,Doudny,bdoudnyfw@simplemachines.org,Poland,Białołeka
Fredia,Francino,ffrancinofx@prweb.com,Democratic Republic of the Congo,Lubumbashi
Rheta,Cheasman,rcheasmanfy@ed.gov,South Sudan,Rumbek
Camala,Cockland,ccocklandfz@elpais.com,Indonesia,Wangi
Kellsie,Otterwell,kotterwellg0@goo.gl,Argentina,Rafaela
Aggie,Goodall,agoodallg1@mit.edu,United States,South Bend
Krissie,Cratere,kcratereg2@admin.ch,New Zealand,Palmerston North
Cordey,Antonognoli,cantonognolig3@ihg.com,South Korea,Kwangyang
Dorene,Moyler,dmoylerg4@intel.com,United States,Santa Fe
Cassius,Yerbury,cyerburyg5@slashdot.org,Indonesia,Tegalgede
Tabby,Dobbison,tdobbisong6@barnesandnoble.com,Cameroon,Bali
Veda,Yakubowicz,vyakubowiczg7@narod.ru,Denmark,Frederiksberg
Addy,Domenici,adomenicig8@technorati.com,Greece,Kallífytos
Katharine,Pim,kpimg9@examiner.com,Belarus,Enyerhyetykaw
Hadrian,Crebott,hcrebottga@google.com.br,Brazil,Osório
Ted,Sleightholme,tsleightholmegb@freewebs.com,Canada,Richibucto
Jamill,Fold,jfoldgc@usnews.com,Indonesia,Cilimus Kulon
Angy,MacGorrie,amacgorriegd@wufoo.com,China,Xiaping
Onfre,Cullinan,ocullinange@networksolutions.com,Russia,Rublëvo
Corilla,Dudny,cdudnygf@harvard.edu,Poland,Bukowiec
Kristal,Mauro,kmaurogg@sbwire.com,Indonesia,Karangwungu Lor
Vincents,Faccini,vfaccinigh@blogtalkradio.com,Brazil,Teutônia
Drake,Wadham,dwadhamgi@microsoft.com,Poland,Wawrzeńczyce
Abby,Toyer,atoyergj@ehow.com,Brazil,Caieiras
Amerigo,Johnke,ajohnkegk@microsoft.com,Ukraine,Brylivka
Gothart,Kienl,gkienlgl@digg.com,Tunisia,Al Mazzūnah
Matias,Bednall,mbednallgm@java.com,France,Paris 16
Hayes,Hobgen,hhobgengn@jiathis.com,Indonesia,Sambirobyong
Alvy,Beeble,abeeblego@psu.edu,Sweden,Göteborg
Sisile,Pellamont,spellamontgp@issuu.com,Indonesia,Sukadana
Yanaton,Station,ystationgq@amazonaws.com,Libya,Banī Walīd
Marsiella,Willis,mwillisgr@de.vu,Poland,Sarnaki
Horatia,Dullard,hdullardgs@t.co,China,Daying
Thomasina,Tenbrug,ttenbruggt@reference.com,Poland,Bartniczka
Shane,Jachtym,sjachtymgu@sciencedirect.com,Brazil,Cafarnaum
Sydel,Wickerson,swickersongv@geocities.com,Russia,Sosnovka
Bradford,Bitchener,bbitchenergw@cdc.gov,France,Courbevoie
Base,Anfosso,banfossogx@51.la,Poland,Dębica
Gerty,Stansbie,gstansbiegy@shinystat.com,Tajikistan,Konibodom
Sharla,Corkel,scorkelgz@flavors.me,Czech Republic,Žeravice
Silvie,Ayrton,sayrtonh0@twitter.com,Russia,Dolgoprudnyy
Solomon,Reoch,sreochh1@imdb.com,Chile,Peñaflor
Candida,Curuclis,ccuruclish2@free.fr,France,Morangis
Minor,O'Coskerry,mocoskerryh3@mozilla.com,Cyprus,Ergates
Elisa,Llewhellin,ellewhellinh4@mapy.cz,Russia,Nizhniy Tagil
Colline,Sandlin,csandlinh5@mozilla.org,United States,Milwaukee
Rosella,Brouwer,rbrouwerh6@umich.edu,Indonesia,Belang
Anselm,Uttley,auttleyh7@mac.com,France,Le Cannet
Fabien,Klainman,fklainmanh8@hexun.com,Papua New Guinea,Lae
Mordy,Paffett,mpaffetth9@hibu.com,Poland,Opinogóra Górna
Cthrine,Semon,csemonha@desdev.cn,Sweden,Höganäs
Karola,Carlozzi,kcarlozzihb@reverbnation.com,Bulgaria,Brusartsi
Stefan,Brahmer,sbrahmerhc@apache.org,United States,Seattle
Nerty,Asif,nasifhd@moonfruit.com,China,Efeng
Angelina,Kramer,akramerhe@marriott.com,Portugal,Cardal
Reilly,Etherton,rethertonhf@nifty.com,United States,Santa Cruz
Willetta,Croshaw,wcroshawhg@gravatar.com,South Korea,Moppo
Torey,Splevings,tsplevingshh@amazon.com,France,Baume-les-Dames
Dimitry,McCaughren,dmccaughrenhi@youku.com,Malaysia,Seremban
Thelma,Beurich,tbeurichhj@mail.ru,Mexico,Hidalgo
Hughie,MacAnelley,hmacanelleyhk@toplist.cz,Indonesia,Birsa
Loella,Crowd,lcrowdhl@123-reg.co.uk,China,Zhouzhuang
Lanny,Cockshtt,lcockshtthm@google.com,Suriname,Paramaribo
Costanza,Hulk,chulkhn@opera.com,Indonesia,Kebonagung
Nefen,Phillipp,nphillippho@imdb.com,Indonesia,Pasongsongan
Lind,Strangeways,lstrangewayshp@issuu.com,Russia,Yoshkar-Ola
Lezlie,Keddie,lkeddiehq@google.fr,Brazil,Rio Pardo
Kettie,Ketteridge,kketteridgehr@etsy.com,China,Shangsha
Estell,Tasseler,etasselerhs@google.nl,Indonesia,Muarapinang
Frasquito,Rummins,frumminsht@so-net.ne.jp,Vietnam,Yên Lập
Leyla,Janic,ljanichu@bandcamp.com,Russia,Bol’shoy Karay
Franky,Keuneke,fkeunekehv@csmonitor.com,United States,Las Vegas
Imelda,Rayner,iraynerhw@comsenz.com,Ireland,Skibbereen
Renault,McCreary,rmccrearyhx@hc360.com,South Korea,Yŏnmu
Cordie,Vedeniktov,cvedeniktovhy@auda.org.au,China,Wushan
Kalli,Maruszewski,kmaruszewskihz@google.com,Indonesia,Turirejo
Clemens,Dingate,cdingatei0@techcrunch.com,Portugal,Midões
Donavon,Mattityahou,dmattityahoui1@multiply.com,Syria,Aţ Ţawāḩīn
Erhard,Wloch,ewlochi2@yahoo.co.jp,Peru,Aucayacu
Renaud,Helin,rhelini3@booking.com,Indonesia,Tajinan
Alikee,Screen,ascreeni4@loc.gov,Cuba,Cabaiguán
Man,Jedrzejczak,mjedrzejczaki5@lulu.com,Ireland,Castlerea
Cynthea,Mix,cmixi6@nydailynews.com,Greece,Rizári
Eudora,Leake,eleakei7@scientificamerican.com,Mongolia,Rashaant
Aurelie,Farbrace,afarbracei8@surveymonkey.com,Poland,Mierzęcice
Lon,Trumble,ltrumblei9@nbcnews.com,Russia,Donskoy
Drucill,Owain,dowainia@dagondesign.com,Cuba,Bauta
Drucie,Peris,dperisib@shareasale.com,Indonesia,Riit
Ingaberg,Mathieson,imathiesonic@reuters.com,Colombia,San Jacinto
Merrill,Moller,mmollerid@goo.gl,China,Shilong
Frannie,Lawlan,flawlanie@bbb.org,Mongolia,Sujji
Loella,Monks,lmonksif@sun.com,China,Sunjia
Sindee,Vlasin,svlasinig@usa.gov,China,Dalu
Sherwynd,Bissatt,sbissattih@tumblr.com,Yemen,Az Zāhir
Elvin,Climo,eclimoii@statcounter.com,Indonesia,Kertabumi
Ainsley,Chilton,achiltonij@sourceforge.net,Finland,Elimäki
Teddy,Bunhill,tbunhillik@smugmug.com,Indonesia,Bucu Lor
Sanford,Gillooly,sgilloolyil@csmonitor.com,Russia,Nurlat
Barris,Swalwell,bswalwellim@taobao.com,China,Qinglung
Elnar,Reardon,ereardonin@blogtalkradio.com,China,Jixiang
Stuart,Reidshaw,sreidshawio@geocities.jp,Russia,Imeni Tsyurupy
Donn,Procter,dprocterip@goo.ne.jp,Russia,Novaya Derevnya
Chase,Vlasin,cvlasiniq@wufoo.com,Indonesia,Ambian
Mandie,Skatcher,mskatcherir@shutterfly.com,Bolivia,Atocha
Valerye,O'Currane,vocurraneis@washington.edu,China,Changyuan
Port,Wayte,pwayteit@harvard.edu,China,Renfengzhuang
Kitti,Casaccio,kcasaccioiu@zimbio.com,Sweden,Nynäshamn
Terrijo,Bocke,tbockeiv@aboutads.info,Czech Republic,Nasavrky
Remus,Hinkins,rhinkinsiw@phpbb.com,Norway,Oslo
Alister,Cornbell,acornbellix@youtube.com,Indonesia,Khairiahmandah
Gaspar,Monteith,gmonteithiy@tripod.com,Russia,Kotlas
Spike,Reilly,sreillyiz@ucla.edu,Poland,Wojaszówka
Ashlan,Dundon,adundonj0@illinois.edu,Czech Republic,Vodňany
Stefanie,Gilfoy,sgilfoyj1@ucla.edu,Portugal,Calvos
Daphne,Chuney,dchuneyj2@cornell.edu,Russia,Zamoskvorech’ye
Pebrook,Burnsell,pburnsellj3@e-recht24.de,Spain,Cadiz
Valentine,Durston,vdurstonj4@unicef.org,Venezuela,Maripa
Holt,Bathersby,hbathersbyj5@reverbnation.com,China,Huanan
Jimmy,Egentan,jegentanj6@printfriendly.com,Sweden,Umeå
Pepillo,Harewood,pharewoodj7@google.ru,Philippines,Comillas Norte
Gallard,Yurkevich,gyurkevichj8@harvard.edu,China,Hedi
Myranda,McConaghy,mmcconaghyj9@ed.gov,Iran,Fāmenīn
Rab,Gammie,rgammieja@wsj.com,France,Angers
Crysta,Peltzer,cpeltzerjb@bizjournals.com,Kazakhstan,Akzhal
Esra,Fouracre,efouracrejc@admin.ch,South Africa,Ixopo
Jillie,Coggings,jcoggingsjd@1688.com,China,Shaxi
Willabella,Chittenden,wchittendenje@purevolume.com,China,Wangsi
Brewster,Cheetam,bcheetamjf@ebay.co.uk,Cyprus,Xylotymbou
Norean,MacVay,nmacvayjg@apache.org,Egypt,Damietta
Reinhard,Girardi,rgirardijh@oaic.gov.au,Sweden,Robertsfors
Aubree,Bedson,abedsonji@oakley.com,Philippines,Simunul
Blinny,Goldbourn,bgoldbournjj@yolasite.com,Russia,Zyukayka
Tiebout,Wassell,twasselljk@1688.com,Russia,Kropachëvo
Wynn,Budgeon,wbudgeonjl@hexun.com,United States,Durham
Daffi,MacKeig,dmackeigjm@hugedomains.com,Poland,Lubaczów
Creigh,Bishell,cbishelljn@timesonline.co.uk,Brazil,Arcoverde
Sly,Bulloch,sbullochjo@bloglovin.com,France,Limoges
Jessa,Cheverton,jchevertonjp@linkedin.com,Sweden,Vänersborg
Pate,Langeley,plangeleyjq@blog.com,Mexico,Vicente Guerrero
Abeu,Spinella,aspinellajr@tripod.com,Canada,Virden
Edin,Kobke,ekobkejs@multiply.com,China,Zhangjiaji
Fawn,Cammoile,fcammoilejt@oakley.com,Bosnia and Herzegovina,Malešići
Catriona,Hails,chailsju@nymag.com,Ukraine,Vyzhnytsya
Brietta,Quigley,bquigleyjv@qq.com,Philippines,San Ramon
Ruthy,Mallinson,rmallinsonjw@posterous.com,Sweden,Stockholm
Gordan,Doucette,gdoucettejx@hc360.com,Thailand,Soi Dao
Ray,Burtwistle,rburtwistlejy@google.ru,Brazil,Coronel Fabriciano
Lorrie,Coytes,lcoytesjz@mayoclinic.com,Poland,Lutoryż
Orelee,Duke,odukek0@acquirethisname.com,Russia,Sosnovaya Polyana
Jethro,Pridden,jpriddenk1@bloglines.com,Thailand,Wang Nam Yen
Ulrica,Brookzie,ubrookziek2@umich.edu,Mozambique,António Enes
Archibold,Bentame,abentamek3@vistaprint.com,Italy,Roma
Ricki,Hovert,rhovertk4@cisco.com,Brazil,Betim
Hall,Pelos,hpelosk5@issuu.com,China,Nirji
Hillier,Likely,hlikelyk6@facebook.com,Russia,Starominskaya
Cesare,Columbell,ccolumbellk7@over-blog.com,China,Shuangqiao
Moria,Huison,mhuisonk8@kickstarter.com,Czech Republic,Odolena Voda
Larina,Osgorby,losgorbyk9@opensource.org,Brazil,Flores da Cunha
Lindsay,Georgeon,lgeorgeonka@patch.com,Palestinian Territory,Al Fandaqūmīyah
Karon,Tidcombe,ktidcombekb@indiegogo.com,United States,Fullerton
Caz,Tunuy,ctunuykc@unc.edu,Zambia,Nakambala
Benji,Sailor,bsailorkd@skype.com,Indonesia,Tobelo
Shaun,Penberthy,spenberthyke@indiegogo.com,Indonesia,Gampengrejo
Lethia,Serraillier,lserraillierkf@ed.gov,Japan,Abashiri
Hyatt,Twelve,htwelvekg@lycos.com,United States,Washington
Dari,Benton,dbentonkh@usda.gov,China,Zili
Efrem,Leatham,eleathamki@delicious.com,China,Minggang
Colet,Dufour,cdufourkj@google.com.br,Indonesia,Karangpapak
Mair,Quittonden,mquittondenkk@ca.gov,China,Budayuan
Brinn,McRorie,bmcroriekl@japanpost.jp,Russia,Vereya
Carlye,Smissen,csmissenkm@homestead.com,Argentina,Laguna Paiva
Georgeanne,Sandham,gsandhamkn@freewebs.com,China,Jiabeiyan
Viole,Parcell,vparcellko@123-reg.co.uk,China,Zhuxi
Talbot,Ricci,triccikp@printfriendly.com,China,Xinchang
Eyde,Langcastle,elangcastlekq@mozilla.com,Russia,Kosikha
Worthington,Berisford,wberisfordkr@google.ca,Russia,Tyoply Stan
Griffy,Ander,ganderks@spiegel.de,South Africa,Bloemhof
Kelley,Ingerfield,kingerfieldkt@oaic.gov.au,Colombia,La Unión
Felicdad,Westcar,fwestcarku@cornell.edu,Peru,Rosaspata
Marillin,Videler,mvidelerkv@google.fr,Colombia,Pivijay
Kelby,Mucklo,kmucklokw@prlog.org,Belarus,Khodasy
Mellicent,Lythgoe,mlythgoekx@flickr.com,Ethiopia,Kombolcha
Kacey,Fortin,kfortinky@cafepress.com,China,Dayuan
Patti,Noddings,pnoddingskz@plala.or.jp,Russia,Novotitarovskaya
Florian,Brose,fbrosel0@mapy.cz,Guatemala,El Quetzal
Zondra,Burnett,zburnettl1@rediff.com,Poland,Płoniawy-Bramura
Stinky,Slowan,sslowanl2@omniture.com,Greece,Kýria
Tannie,Bozworth,tbozworthl3@slate.com,Uganda,Wobulenzi
Hube,Filoniere,hfilonierel4@desdev.cn,Argentina,Daireaux
Arlen,Whitloe,awhitloel5@twitpic.com,Philippines,Malabor
Caril,Frounks,cfrounksl6@t-online.de,China,Xiangcunxiang
Heddie,Kohnen,hkohnenl7@census.gov,Vietnam,Da Nang
Bette,Castellet,bcastelletl8@narod.ru,Guatemala,Chicacao
Crissy,Bafford,cbaffordl9@sitemeter.com,Philippines,San Antonio
Noami,Hoyer,nhoyerla@rediff.com,China,Jingshan
Peterus,Dionsetto,pdionsettolb@webnode.com,Indonesia,Sindangsari
Beatrisa,Skase,bskaselc@gov.uk,Portugal,Vila do Bispo
Marcie,Campos,mcamposld@discuz.net,Bulgaria,Veliko Tŭrnovo
Artemus,Coase,acoasele@cargocollective.com,Russia,Pindushi
Svend,Rolinson,srolinsonlf@biblegateway.com,Philippines,Capalayan
Cob,Ormes,cormeslg@cbsnews.com,Indonesia,Alung
Gerri,Cramphorn,gcramphornlh@nature.com,China,Wangong
Emmi,Girardy,egirardyli@parallels.com,Canada,Smiths Falls
Quent,Twigley,qtwigleylj@hatena.ne.jp,Canada,Saint-Félicien
Mackenzie,Loud,mloudlk@google.co.jp,Indonesia,Jalinan
Dave,Edgehill,dedgehillll@geocities.jp,China,Gangou
Irwin,Salman,isalmanlm@github.com,Czech Republic,Drásov
Kalle,Josebury,kjoseburyln@google.cn,Spain,Sabadell
Marisa,Cutajar,mcutajarlo@yellowpages.com,Czech Republic,Vysehrad
Foster,Kilgour,fkilgourlp@stanford.edu,Czech Republic,Žihle
Vassili,McCrackem,vmccrackemlq@hibu.com,Indonesia,Pekuncen
Andy,Siflet,asifletlr@deviantart.com,Russia,Seredka
Glenden,Sinnie,gsinniels@wired.com,Myanmar,Myitkyina
Herbert,Gallgher,hgallgherlt@comsenz.com,China,Wantan
Riccardo,Fleote,rfleotelu@patch.com,Thailand,Pathum Ratchawongsa
Afton,Quantrill,aquantrilllv@blinklist.com,Albania,Poroçan
Jacobo,Kynge,jkyngelw@rediff.com,Netherlands,Leidschendam
Marla,Bryns,mbrynslx@dailymotion.com,Brazil,Pentecoste
Geri,Astles,gastlesly@msn.com,Bolivia,Pocpo
Marquita,Camolli,mcamollilz@accuweather.com,Honduras,Mangulile
Otho,Cruddas,ocruddasm0@bluehost.com,Indonesia,Kotabunan
Shirleen,Spillman,sspillmanm1@salon.com,China,Chagang
Joana,Cypler,jcyplerm2@blogtalkradio.com,United States,Lincoln
Tobias,Leetham,tleethamm3@washington.edu,China,Nanshan
Kordula,Spofford,kspoffordm4@xing.com,Moldova,Basarabeasca
Chiarra,Adran,cadranm5@vinaora.com,Philippines,Margos
Redd,Butterly,rbutterlym6@i2i.jp,Honduras,El Puente
Josefa,Lea,jleam7@photobucket.com,Czech Republic,Doksy
Karrie,O'Hartagan,kohartaganm8@columbia.edu,China,Huanglong
Cecil,Taberer,ctabererm9@ucoz.com,Finland,Oravais
Lind,Harkess,lharkessma@com.com,Sri Lanka,Kandana
Ricky,Sermin,rserminmb@epa.gov,China,Dongli
Pauli,Mellows,pmellowsmc@istockphoto.com,Guatemala,El Adelanto
Filberte,Yegorkin,fyegorkinmd@google.pl,China,Diaofeng
Tish,Luxford,tluxfordme@elpais.com,United States,Oklahoma City
Wilie,Wadman,wwadmanmf@comcast.net,Canada,Mount Pearl
Geraldine,Hotton,ghottonmg@cam.ac.uk,Portugal,Corujeira
Shane,Fearfull,sfearfullmh@moonfruit.com,Syria,Aţ Ţawāḩīn
Emlen,Frede,efredemi@desdev.cn,China,Huantuo
Ahmed,Coslett,acoslettmj@desdev.cn,China,Sheli
Jean,Vispo,jvispomk@trellian.com,Philippines,Bangad
Erie,Nolton,enoltonml@vistaprint.com,Peru,Tapacocha
Sandra,Willoughby,swilloughbymm@wikispaces.com,Sweden,Gävle
Matthus,Riba,mribamn@wisc.edu,Russia,Chernyakhovsk
Betti,Kennerley,bkennerleymo@seattletimes.com,Indonesia,Oesain
Karlie,Laundon,klaundonmp@youtu.be,Turkmenistan,Tagta
Abigale,Turpey,aturpeymq@businessweek.com,Peru,Coayllo
Oswell,Innott,oinnottmr@state.tx.us,Uruguay,Vergara
Ofilia,Huncoot,ohuncootms@elegantthemes.com,Belarus,Radashkovichy
Gallard,Dudhill,gdudhillmt@bravesites.com,Peru,Chillia
Alia,Gobeau,agobeaumu@hibu.com,Nigeria,Ibadan
Shirline,Criag,scriagmv@mayoclinic.com,Canada,Princeville
Dyana,Bysshe,dbysshemw@bluehost.com,Russia,Atlasovo
Ellary,Heddon,eheddonmx@hubpages.com,Indonesia,Kekeri
Marleen,Winning,mwinningmy@hexun.com,China,Naran Bulag
Jackelyn,Dunsire,jdunsiremz@biblegateway.com,Brazil,Sertânia
Pepillo,Grogona,pgrogonan0@behance.net,Indonesia,Cipicung
Benoite,Haill,bhailln1@webeden.co.uk,France,Le Bourget-du-Lac
Nickola,Seabert,nseabertn2@wisc.edu,China,Jincang
Brynne,Wellard,bwellardn3@senate.gov,Benin,Bohicon
Ozzy,Durtnel,odurtneln4@fda.gov,China,Duyanggang
Andrei,Ritchings,aritchingsn5@sbwire.com,Indonesia,Mekarjaya
Car,Argontt,cargonttn6@dmoz.org,Philippines,Pantubig
Bobby,Berridge,bberridgen7@zdnet.com,China,Chunxi
Lindsy,O' Clovan,loclovann8@nih.gov,Russia,Engel’s
Hillel,Mairs,hmairsn9@un.org,China,Xugu
Georgiana,Lief,gliefna@photobucket.com,China,Tanbu
Bruce,Simkovitz,bsimkovitznb@globo.com,China,Houbai
Hiram,Schult,hschultnc@ebay.com,Uganda,Njeru
Kimberly,Roseblade,krosebladend@house.gov,Malta,Dingli
Chanda,Samwayes,csamwayesne@gravatar.com,United States,Little Rock
Domingo,Organ,dorgannf@statcounter.com,China,Linjiang
Mace,MacKenzie,mmackenzieng@google.com.br,Russia,Nachalovo
Jewel,Upcott,jupcottnh@blogspot.com,Guatemala,San Cristóbal Verapaz
Farlie,Renehan,frenehanni@linkedin.com,Sierra Leone,Peyima
Loralee,Kliment,lklimentnj@soup.io,Ukraine,Obukhiv
Harcourt,Emberton,hembertonnk@hexun.com,Indonesia,Gadang
Rosmunda,Feaviour,rfeaviournl@unc.edu,Mexico,Loma Bonita
Daveen,Barnaclough,dbarnacloughnm@usa.gov,China,Usu
Ginnifer,Bison,gbisonnn@bravesites.com,Benin,Cotonou
Kay,Henniger,khennigerno@loc.gov,Benin,Malanville
Miof mela,Featonby,mfeatonbynp@buzzfeed.com,China,Chengxiang
Jimmy,Osbourn,josbournnq@walmart.com,China,Yangji
Miltie,Gildroy,mgildroynr@vistaprint.com,Marshall Islands,Enewetak
Harbert,Bletso,hbletsons@microsoft.com,Czech Republic,Olbramovice
Alain,Dowdall,adowdallnt@myspace.com,Mayotte,Chirongui
Codee,Dy,cdynu@archive.org,Poland,Mała Wieś
Keefer,Clair,kclairnv@parallels.com,Afghanistan,Sang-e Chārak
Yul,Luckings,yluckingsnw@blogger.com,Russia,Nagornyy
Duff,Meriel,dmerielnx@nyu.edu,Portugal,Canedo
Charline,Gellier,cgellierny@globo.com,Zambia,Lukulu
Sutton,Molen,smolennz@stanford.edu,Indonesia,Tlatah
Peirce,Bearns,pbearnso0@gov.uk,France,Bourgoin-Jallieu
Harald,Wiffield,hwiffieldo1@ebay.com,Russia,Perepravnaya
Anna-diana,Cucuzza,acucuzzao2@squarespace.com,United Kingdom,Marston
Melly,Booler,mboolero3@meetup.com,Netherlands,Schiedam postbusnummers
Alicea,Torpie,atorpieo4@theglobeandmail.com,Peru,Mendoza
Jens,Dooly,jdoolyo5@51.la,Indonesia,Belawang
Kassia,Halm,khalmo6@vkontakte.ru,Tanzania,Mlandizi
Brooke,Lowther,blowthero7@surveymonkey.com,Philippines,Upper San Mateo
Tatiania,Sanders,tsanderso8@utexas.edu,Russia,Semiletka
Franciskus,Lord,flordo9@t.co,Tanzania,Makuyuni
Kaye,Guppie,kguppieoa@addthis.com,Poland,Łodygowice
Krishnah,Brayshaw,kbrayshawob@rediff.com,China,Didou
Bailey,Scrine,bscrineoc@princeton.edu,Argentina,Plottier
Jany,Kinghorne,jkinghorneod@bloglovin.com,Brazil,Entre Rios
Chrissy,Tewes,ctewesoe@soundcloud.com,Indonesia,Kolo
Teador,Jensen,tjensenof@ihg.com,China,Yonghe
Brandice,Bausor,bbausorog@house.gov,Hungary,Budapest
Dag,Mangeney,dmangeneyoh@patch.com,Mexico,Emiliano Zapata
Tyson,Postgate,tpostgateoi@cafepress.com,Portugal,Carcavelos
Ross,Pither,rpitheroj@geocities.com,Portugal,Vermelha
Benji,Chalmers,bchalmersok@oaic.gov.au,Russia,Koslan
Edgar,Prott,eprottol@jimdo.com,Philippines,Allacapan
Rona,Swallow,rswallowom@cam.ac.uk,China,Yuhang
Ronny,Tackes,rtackeson@loc.gov,Russia,Voskresenskoye
Cherey,Francomb,cfrancomboo@mashable.com,Pakistan,Baddomalhi
Dickie,Maltster,dmaltsterop@dagondesign.com,Brazil,São Pedro da Aldeia
Baily,Cantillon,bcantillonoq@unicef.org,Thailand,Su-ngai Kolok
Sula,Nudds,snuddsor@thetimes.co.uk,Kosovo,Strellc i Ulët
Raleigh,Parsell,rparsellos@furl.net,Canada,Maple Creek
Bren,Colson,bcolsonot@jigsy.com,Czech Republic,Fulnek
Tammara,Yule,tyuleou@usnews.com,France,Sarlat-la-Canéda
Arlan,Teeney,ateeneyov@xinhuanet.com,Indonesia,Pengilon
Isis,Fick,ifickow@sourceforge.net,Norway,Bergen
Tomlin,Assandri,tassandriox@livejournal.com,Poland,Zbrosławice
Marge,Scothern,mscothernoy@tmall.com,China,Hubei
Danni,Skettles,dskettlesoz@google.de,Ukraine,Serednye Vodyane
Mick,Croney,mcroneyp0@weebly.com,China,Kelin
Berkley,Seldner,bseldnerp1@redcross.org,Thailand,Prakhon Chai
Aldo,Drains,adrainsp2@theatlantic.com,Mongolia,Tsenher
Georgette,Tomasek,gtomasekp3@sbwire.com,China,Heitan
Symon,Worral,sworralp4@usgs.gov,Philippines,Rizal
Alisa,Shepeard,ashepeardp5@google.pl,Luxembourg,Dalheim
Vernen,Ilymanov,vilymanovp6@blinklist.com,France,Marseille
Joey,Lowrie,jlowriep7@archive.org,China,Longquan
Justine,Newbury,jnewburyp8@usnews.com,Croatia,Šibenik
Timmy,Empson,tempsonp9@parallels.com,United States,Montgomery
Osbert,Gyorgy,ogyorgypa@columbia.edu,France,Les Clayes-sous-Bois
Inigo,Musgrove,imusgrovepb@gizmodo.com,Portugal,Olho Marinho
Etta,Keeley,ekeeleypc@seesaa.net,Cyprus,Meniko
Cletus,Halegarth,chalegarthpd@shutterfly.com,Tunisia,Sfax
Amalee,Dinwoodie,adinwoodiepe@cbslocal.com,China,Wangqu
Leila,Cuming,lcumingpf@plala.or.jp,Philippines,Getulio
Aloin,Churly,achurlypg@alibaba.com,Indonesia,Sukamanah
Daniel,Gibbins,dgibbinsph@ovh.net,Thailand,Srinagarindra
Pearle,Madigan,pmadiganpi@hexun.com,Iran,Chenārān
Maximilian,Defries,mdefriespj@reuters.com,Russia,Sivaki
Daffi,Leyborne,dleybornepk@webnode.com,Philippines,Sinait
Christiana,Georghiou,cgeorghioupl@reddit.com,Poland,Głowno
Baryram,Crepin,bcrepinpm@prnewswire.com,Egypt,Iţsā
Stevie,Sarle,ssarlepn@hibu.com,China,Xihanling
Janean,Asman,jasmanpo@pagesperso-orange.fr,China,Rengang
Locke,Joret,ljoretpp@businessweek.com,Russia,Naushki
Saw,McKaile,smckailepq@quantcast.com,China,Zhouzhuang
Bar,Darwood,bdarwoodpr@furl.net,Indonesia,Nangtang
Tynan,Gammade,tgammadeps@networksolutions.com,China,Heping
Almeta,Vatini,avatinipt@multiply.com,China,Chengbei
Vail,Snewin,vsnewinpu@ehow.com,France,Toulouse
Chantal,Heynel,cheynelpv@microsoft.com,Ireland,Milltown
Englebert,Gates,egatespw@weebly.com,Greece,Síkinos
Brandice,Kimblen,bkimblenpx@umich.edu,China,Maba
Maryrose,Wilde,mwildepy@independent.co.uk,China,Baiyang
Rosie,Pessel,rpesselpz@msu.edu,Honduras,Santa Rosa de Copán
Lauraine,Allonby,lallonbyq0@ucoz.com,Czech Republic,Horní Suchá
Towney,Warfield,twarfieldq1@xinhuanet.com,Indonesia,Bondoboghila
Cordelie,Cunah,ccunahq2@stanford.edu,Indonesia,Sumbersih
Banky,Bladen,bbladenq3@usnews.com,Sweden,Luleå
Allie,Tilt,atiltq4@miitbeian.gov.cn,China,Taoyuan
Alberta,Tittershill,atittershillq5@gravatar.com,China,Gezan
Veradis,Drohan,vdrohanq6@1und1.de,Poland,Wałcz
Red,Axon,raxonq7@weibo.com,Colombia,Yarumal
Kaleena,Tarpey,ktarpeyq8@unesco.org,Philippines,New Panamao
Caresa,Clarkson,cclarksonq9@nyu.edu,Czech Republic,Milín
Lemuel,McCrackan,lmccrackanqa@google.com.au,China,Yiqi
Marjorie,Shane,mshaneqb@ustream.tv,Macedonia,Крушево
Conroy,Vasilyonok,cvasilyonokqc@gov.uk,Portugal,Lameira
Leonidas,Love,lloveqd@so-net.ne.jp,France,Carcassonne
Violette,Aherne,vaherneqe@furl.net,China,Xiexiong
Rickert,Callway,rcallwayqf@whitehouse.gov,Canada,Lac-Brome
Seward,Shreenan,sshreenanqg@yellowpages.com,China,Sanjiao
Kristal,McGrudder,kmcgrudderqh@nymag.com,China,Xiangride
Hatti,D'Agostini,hdagostiniqi@auda.org.au,United States,Jacksonville
Addy,Bazire,abazireqj@ask.com,Mauritania,Néma
Sybila,Cornick,scornickqk@prlog.org,Brazil,Santo Estêvão
Terri-jo,Ransfield,transfieldql@moonfruit.com,Russia,Iznoski
Sanders,Tosh,stoshqm@etsy.com,Philippines,Clarin
Daryl,Wasteney,dwasteneyqn@aol.com,United States,Pasadena
Robby,Papaccio,rpapaccioqo@weather.com,China,Hutang
Janis,Pagan,jpaganqp@census.gov,Indonesia,Wailolong
Maryl,Barnet,mbarnetqq@mapquest.com,Portugal,Estribeiro
Kirsteni,Powdrill,kpowdrillqr@yellowpages.com,Czech Republic,Josefův Důl
Twyla,Tomasini,ttomasiniqs@zimbio.com,Ivory Coast,Tanda
Taite,Castagnasso,tcastagnassoqt@about.com,Thailand,Phayuha Khiri
Maribelle,Anyon,manyonqu@shareasale.com,Portugal,Guia
Lucilia,Emney,lemneyqv@alexa.com,Czech Republic,Petřvald
Archer,Heppner,aheppnerqw@paginegialle.it,Ecuador,Guaranda
Angelia,Scoles,ascolesqx@fda.gov,Brazil,Barra do Garças
Hilliary,Clemmey,hclemmeyqy@ucsd.edu,China,Dahuaishu
Cary,Cluley,ccluleyqz@washington.edu,Peru,Conima
Dorey,Babin,dbabinr0@seesaa.net,Mongolia,Sharga
Mackenzie,Christofides,mchristofidesr1@howstuffworks.com,Mongolia,Burgaltay
Burnard,Dalyiel,bdalyielr2@tumblr.com,Indonesia,Bucu Kidul
Gage,Egger,geggerr3@techcrunch.com,Indonesia,Gandong
Phaidra,Muccino,pmuccinor4@ehow.com,China,Liuzuo
Magdalene,Mion,mmionr5@shinystat.com,Portugal,Vale Mourão
Gerianna,Cromblehome,gcromblehomer6@si.edu,Indonesia,Wololele A
Heather,Crenage,hcrenager7@mysql.com,Russia,Inta
Josselyn,Boays,jboaysr8@gnu.org,Brazil,Jaraguá do Sul
Quintina,Sappell,qsappellr9@infoseek.co.jp,Indonesia,Padangtikar
Graehme,McBeth,gmcbethra@cbsnews.com,Thailand,Kuchinarai
Renado,Wolfendell,rwolfendellrb@github.io,Russia,Kamyshevatskaya
Eamon,Winterburn,ewinterburnrc@tinyurl.com,Philippines,Igang
Johann,Ferreira,jferreirard@smh.com.au,Russia,Vypolzovo
Eward,Flacke,eflackere@google.pl,Indonesia,Uluarang
Alameda,Muffitt,amuffittrf@last.fm,Ukraine,Gradizhsk
Mal,Clarke,mclarkerg@tiny.cc,Portugal,São Paio de Gramaços
Em,Baroux,ebarouxrh@addtoany.com,Greece,Asímion
Ynez,Kembrey,ykembreyri@cdc.gov,China,Yuetang
Gustave,Jameson,gjamesonrj@eepurl.com,France,Paris La Défense
Bianka,Cartlidge,bcartlidgerk@census.gov,Slovenia,Ljubno ob Savinji
Honor,Rolley,hrolleyrl@gnu.org,Brazil,Ipueiras
Desmond,Rookeby,drookebyrm@naver.com,China,Erenhot
Griffith,Strutton,gstruttonrn@imdb.com,Japan,Katsuyama
Kristi,Hargreves,khargrevesro@cnbc.com,Pakistan,Jahāniān Shāh
Fernanda,Foakes,ffoakesrp@sun.com,China,Waitun
Kevon,McNeil,kmcneilrq@sciencedaily.com,Vietnam,Quận Bốn
Tanner,O'Shevlin,toshevlinrr@latimes.com,Mexico,Ejidal
